player,stage,round,survival_time,steps,items,ghost_hits,retries,score,total_score,stage_total_hits,completed,is_stage_clear
nw,1,1,55.88,142,3,0,0,9442,,,True,False
nw,1,2,22.01,128,3,0,0,9222,,,True,False
nw,1,3,35.51,119,2,1,0,9222,,,False,False
nw,1,3,10.3,68,3,2,0,9222,,,False,False
nw,1,3,11.7,72,3,3,0,9222,,,False,False
nw,1,3,22.83,114,3,3,0,8993,,,True,False
nw,1,3,100.72,384,3,3,0,8993,8993,3,True,True
nw,1,1,22.67,102,3,0,0,9774,,,True,False
nw,1,2,16.04,106,3,0,0,9613,,,True,False
nw,1,3,23.6,84,3,1,0,9613,,,False,False
nw,2,1,9.06,60,3,0,0,9910,,,True,False
nw,2,2,4.33,22,1,1,0,9910,,,False,False
nw,2,2,15.8,70,3,1,0,9752,,,True,False
nw,2,3,8.38,62,3,1,0,9668,,,True,False
nw,2,3,33.24,192,3,1,0,9668,9668,1,True,True
e,1,1,12.14,100,3,0,0,9879,,,True,False
e,1,2,15.44,104,3,0,0,9725,,,True,False
e,1,3,16.72,112,3,0,0,9558,,,True,False
e,1,3,44.3,316,3,0,0,9558,9558,0,True,True
e,2,1,7.97,60,3,0,0,9921,,,True,False
e,2,2,14.24,76,3,0,0,9778,,,True,False
e,2,3,14.61,66,3,0,0,9632,,,True,False
e,2,3,36.82,202,3,0,0,9632,9632,0,True,True
nw,3,1,15.14,87,4,0,0,9849,,,True,False
nw,3,2,4.05,8,0,1,0,9849,,,False,False
nw,3,2,4.04,6,0,2,0,9849,,,False,False
nw,3,2,3.7,6,0,3,0,9849,,,False,False
nw,3,2,3.94,6,0,4,0,9849,,,False,False
nw,1,1,22.4,100,3,0,0,9777,,,True,False
nw,1,2,15.86,104,3,0,0,9618,,,True,False
nw,1,3,9.38,64,2,1,0,9618,,,False,False
nw,1,3,10.51,66,3,2,0,9618,,,False,False
nw,1,3,10.26,68,3,3,0,9618,,,False,False
nw,1,3,16.51,104,3,3,0,9453,,,True,False
nw,1,3,54.77,308,3,3,0,9453,9453,3,True,True
nw,1,1,12.37,100,3,0,0,9877,,,True,False
nw,1,2,15.14,102,3,0,0,9725,,,True,False
nw,1,3,15.9,108,3,0,0,9566,,,True,False
nw,1,3,43.41,310,3,0,0,9566,9566,0,True,True
ว้าว,1,1,12.54,100,3,0,0,9875,,,True,False
ว้าว,1,2,15.33,102,3,0,0,9722,,,True,False
ว้าว,1,3,15.55,104,3,0,0,9566,,,True,False
ว้าว,1,3,43.42,306,3,0,0,9566,9566,0,True,True
ว้าว,2,1,10.38,60,3,0,0,9897,,,True,False
ว้าว,2,2,13.71,72,3,0,0,9760,,,True,False
ว้าว,2,3,12.89,72,3,0,0,9631,,,True,False
ว้าว,2,3,36.97,204,3,0,0,9631,9631,0,True,True
ว้าว,3,1,12.4,85,4,0,0,9876,,,True,False
ว้าว,3,2,16.31,89,4,0,0,9713,,,True,False
ว้าว,3,3,17.62,91,4,0,0,9537,,,True,False
ว้าว,3,3,46.33,265,4,0,0,9537,9537,0,True,True
ว้าว,4,1,10.62,68,5,0,0,9894,,,True,False
ว้าว,4,2,9.76,51,4,1,0,9894,,,False,False
ว้าว,4,2,18.65,92,5,1,0,9708,,,True,False
ว้าว,4,3,19.97,86,5,1,0,9508,,,True,False
ว้าว,4,3,49.24,246,5,1,0,9508,9508,1,True,True
ว้าว,5,1,18.34,122,7,0,0,9817,,,True,False
ว้าว,5,2,25.9,128,7,0,0,9558,,,True,False
ว้าว,5,3,25.58,130,7,0,0,9302,,,True,False
ว้าว,5,3,69.82,380,7,0,0,9302,9302,0,True,True
สมชาย,1,1,12.13,100,3,0,0,9879,,,True,False
สมชาย,1,2,15.8,104,3,0,0,9721,,,True,False
สมชาย,1,3,10.8,68,3,1,0,9721,,,False,False
สมชาย,1,3,5.07,20,1,2,0,9721,,,False,False
ว้าว,1,1,12.37,100,3,0,0,9877,,,True,False
ว้าว,1,2,15.54,100,3,0,0,9721,,,True,False
ว้าว,1,3,15.2,102,3,0,0,9569,,,True,False
ว้าว,1,3,43.12,302,3,0,0,9569,9569,0,True,True
สมนึก,1,1,12.83,100,3,0,0,9872,,,True,False
สมนึก,1,2,4.07,10,0,1,0,9872,,,False,False
winner,1,1,13.12,100,3,0,0,9869,,,True,False
winner,1,2,14.91,104,3,0,0,9720,,,True,False
winner,1,3,19.29,93,3,1,0,9720,,,False,False
winner,1,3,15.93,108,3,1,0,9561,,,True,False
winner,1,3,43.96,312,3,1,0,9561,9561,1,True,True
new,1,1,15.13,98,3,0,0,9849,,,True,False
new,1,2,15.11,106,3,0,0,9698,,,True,False
new,1,3,15.91,106,3,0,0,9539,,,True,False
new,1,3,46.15,310,3,0,0,9539,9539,0,True,True
new,1,1,15.03,112,3,0,0,9850,,,True,False
new,1,2,7.06,36,1,1,0,9850,,,False,False
new,1,1,15.76,118,3,0,0,9843,,,True,False
new,1,2,6.83,44,1,1,0,9843,,,False,False
new,1,2,11.92,96,3,2,0,9843,,,False,False
nw,3,1,18.64,89,4,0,0,9814,,,True,False
nw,3,2,6.2,42,3,1,0,9814,,,False,False
nw,3,2,4.31,12,1,2,0,9814,,,False,False
nw,3,2,3.8,8,0,3,0,9814,,,False,False
nw,3,2,11.92,56,3,4,0,9814,,,False,False
nw,2,1,15.76,70,3,0,0,9843,,,True,False
nw,2,2,9.82,68,3,1,0,9843,,,False,False
nw,2,2,8.65,60,3,1,0,9756,,,True,False
nw,2,3,12.24,68,3,1,0,9634,,,True,False
nw,2,3,36.64,198,3,1,0,9634,9634,1,True,True
nw,3,1,13.43,89,4,0,0,9866,,,True,False
nw,3,2,6.36,42,3,1,0,9866,,,False,False
nw,3,1,12.06,87,4,0,0,9880,,,True,False
nw,3,2,9.04,31,2,1,0,9880,,,False,False
nw,3,2,6.12,47,3,2,0,9880,,,False,False
e,3,1,11.82,87,4,0,0,9882,,,True,False
e,3,2,5.67,24,2,1,0,9882,,,False,False
e,3,2,2.99,0,0,2,0,9882,,,False,False
nw,3,1,12.7,89,4,0,0,9873,,,True,False
nw,3,2,17.14,97,4,0,0,9702,,,True,False
nw,3,3,6.62,40,3,1,0,9702,,,False,False
name,1,1,12.66,100,3,0,0,9874,,,True,False
name,1,2,15.38,106,3,0,0,9720,,,True,False
name,1,3,16.03,104,3,0,0,9560,,,True,False
name,1,3,44.07,310,3,0,0,9560,9560,0,True,True
name,2,1,10.14,66,3,0,0,9899,,,True,False
name,2,2,14.86,74,3,0,0,9751,,,True,False
name,2,3,14.37,66,3,0,0,9607,,,True,False
name,2,3,39.37,206,3,0,0,9607,9607,0,True,True
name,3,1,15.14,89,4,0,0,9849,,,True,False
name,3,2,19.24,91,4,0,0,9657,,,True,False
name,3,3,30.82,135,4,0,0,9348,,,True,False
name,3,3,65.2,315,4,0,0,9348,9348,0,True,True
name,4,1,12.52,78,5,0,0,9875,,,True,False
name,4,2,13.19,76,5,0,0,9743,,,True,False
name,4,3,18.06,94,5,0,0,9563,,,True,False
name,4,3,43.77,248,5,0,0,9563,9563,0,True,True
name,5,1,23.39,138,7,0,0,9767,,,True,False
name,5,2,11.71,64,3,1,0,9767,,,False,False
name,5,2,24.52,136,7,1,0,9521,,,True,False
name,5,3,28.08,132,7,1,0,9241,,,True,False
name,5,3,75.99,406,7,1,0,9241,9241,1,True,True
ske23,1,1,12.44,100,3,0,0,9876,,,True,False
ske23,1,2,15.46,110,3,0,0,9722,,,True,False
ske23,1,3,13.3,76,2,1,0,9722,,,False,False
ske23,1,3,22.31,149,3,2,0,9722,,,False,False
ske23,1,1,11.57,100,3,0,0,9885,,,True,False
ske23,1,2,15.16,104,3,0,0,9733,,,True,False
ske23,1,3,16.39,104,3,0,0,9569,,,True,False
ske23,1,3,43.11,308,3,0,0,9569,9569,0,True,True
hello world,1,1,17.26,100,3,0,0,9828,,,True,False
hello world,1,2,15.44,108,3,0,0,9673,,,True,False
hello world,1,3,10.37,70,3,1,0,9673,,,False,False
hello world,1,3,10.54,72,3,2,0,9673,,,False,False
hello world,1,3,10.34,70,3,3,0,9673,,,False,False
hello world,1,3,16.67,100,3,3,0,9507,,,True,False
hello world,1,3,49.38,308,3,3,0,9507,9507,3,True,True
สมชาย,1,1,11.2,100,3,0,0,9889,,,True,False
สมชาย,1,2,16.2,120,3,0,0,9727,,,True,False
สมชาย,1,3,9.71,75,3,1,0,9727,,,False,False
สมชาย,1,3,18.1,104,3,1,0,9546,,,True,False
สมชาย,1,3,45.49,324,3,1,0,9546,9546,1,True,True
alexa,1,1,13.49,102,3,0,0,9866,,,True,False
alexa,1,2,28.25,164,3,0,0,9583,,,True,False
alexa,1,3,27.6,140,3,1,0,9583,,,False,False
alexa,1,3,17.08,114,3,2,0,9583,,,False,False
alexa,1,1,12.42,102,3,0,0,9876,,,True,False
alexa,1,2,15.56,102,3,0,0,9721,,,True,False
alexa,1,3,16.03,108,3,0,0,9560,,,True,False
alexa,1,3,44.01,312,3,0,0,9560,9560,0,True,True
alexa,2,1,8.45,62,3,0,0,9916,,,True,False
alexa,2,2,13.72,74,3,0,0,9779,,,True,False
alexa,2,3,13.68,84,3,0,0,9642,,,True,False
alexa,2,3,35.84,220,3,0,0,9642,9642,0,True,True
hello world,2,1,9.06,62,3,0,0,9910,,,True,False
hello world,2,2,20.79,112,3,0,0,9702,,,True,False
hello world,2,3,4.17,16,0,1,0,9702,,,False,False
hello world,2,3,7.22,53,2,2,0,9702,,,False,False
hello world,2,3,7.55,58,3,2,0,9627,,,True,False
hello world,2,3,37.39,232,3,2,0,9627,9627,2,True,True
hello world,3,1,12.44,85,4,0,0,9876,,,True,False
hello world,3,2,15.23,111,4,0,0,9724,,,True,False
hello world,3,3,20.57,93,4,0,0,9518,,,True,False
hello world,3,3,48.25,289,4,0,0,9518,9518,0,True,True
hello world,4,1,11.2,70,5,0,0,9888,,,True,False
hello world,4,2,8.57,49,4,1,0,9888,,,False,False
hello world,4,2,9.91,52,4,2,0,9888,,,False,False
hello world,4,2,19.14,108,5,3,0,9888,,,False,False
hello world,4,2,10.74,76,5,3,0,9781,,,True,False
hello world,4,3,10.44,76,5,3,0,9677,,,True,False
hello world,4,3,32.38,222,5,3,0,9677,9677,3,True,True
hello world,5,1,18.42,126,7,0,0,9816,,,True,False
hello world,5,2,25.31,134,7,0,0,9563,,,True,False
hello world,5,3,24.08,132,7,0,0,9322,,,True,False
hello world,5,3,67.81,392,7,0,0,9322,9322,0,True,True
fah,1,1,15.58,100,3,0,0,9845,,,True,False
fah,1,2,16.24,104,3,0,0,9682,,,True,False
fah,1,3,15.72,106,3,0,0,9525,,,True,False
fah,1,3,47.54,310,3,0,0,9525,9525,0,True,True
fah,2,1,9.72,62,3,0,0,9903,,,True,False
fah,2,2,13.04,86,3,0,0,9773,,,True,False
fah,2,3,6.58,34,2,1,0,9773,,,False,False
fah,2,3,7.04,58,3,1,0,9703,,,True,False
fah,2,3,29.8,206,3,1,0,9703,9703,1,True,True
fah,3,1,10.52,85,4,0,0,9895,,,True,False
fah,3,2,16.68,95,4,0,0,9729,,,True,False
fah,3,3,18.39,113,4,0,0,9545,,,True,False
fah,3,3,45.58,293,4,0,0,9545,9545,0,True,True
fah,4,1,15.26,96,5,0,0,9848,,,True,False
fah,4,2,8.32,51,4,1,0,9848,,,False,False
fah,4,2,9.59,57,5,2,0,9848,,,False,False
fah,4,2,12.89,84,5,2,0,9719,,,True,False
fah,4,3,8.91,56,3,3,0,9719,,,False,False
fah,4,3,8.93,56,4,4,0,9719,,,False,False
fah,4,3,12.07,61,3,5,0,9719,,,False,False
fah,4,3,8.47,52,4,6,0,9719,,,False,False
fah,4,3,9.15,54,2,7,0,9719,,,False,False
fah,4,3,4.77,16,1,8,0,9719,,,False,False
fah,4,3,22.83,126,5,8,0,9491,,,True,False
fah,4,3,50.98,306,5,8,0,9491,9491,8,True,True
fah,5,1,25.51,154,7,0,0,9745,,,True,False
fah,5,2,28.16,144,7,0,0,9464,,,True,False
fah,5,3,27.16,142,7,0,0,9192,,,True,False
fah,5,3,80.83,440,7,0,0,9192,9192,0,True,True
i love ski,1,1,12.8,110,3,0,0,9873,,,True,False
i love ski,1,2,14.91,104,3,0,0,9723,,,True,False
i love ski,1,3,10.76,72,3,1,0,9723,,,False,False
i love ski,1,3,18.02,72,3,1,0,9723,,,False,False
i love ski,1,3,14.08,112,2,2,0,9723,,,False,False
i love ski,1,3,11.16,85,2,3,0,9723,,,False,False
i love ski,1,3,13.98,85,2,3,0,9723,,,False,False
i love ski,1,3,16.14,108,3,3,0,9562,,,True,False
i love ski,1,3,43.85,322,3,3,0,9562,9562,3,True,True
i love ski,2,1,7.61,62,3,0,0,9924,,,True,False
i love ski,2,2,7.04,60,3,0,0,9854,,,True,False
i love ski,2,3,6.95,58,3,0,0,9785,,,True,False
i love ski,2,3,21.6,180,3,0,0,9785,9785,0,True,True
i love ski,3,1,11.28,91,4,0,0,9888,,,True,False
i love ski,3,2,16.4,123,4,0,0,9724,,,True,False
i love ski,3,3,13.33,82,3,1,0,9724,,,False,False
i love ski,3,1,16.45,125,4,0,0,9836,,,True,False
i love ski,3,2,10.4,87,4,0,0,9732,,,True,False
i love ski,3,3,13.7,117,4,0,0,9595,,,True,False
i love ski,3,3,40.55,329,4,0,0,9595,9595,0,True,True
i love ski,4,1,8.44,72,5,0,0,9916,,,True,False
i love ski,4,2,8.4,68,5,0,0,9832,,,True,False
i love ski,4,3,8.32,68,5,0,0,9749,,,True,False
i love ski,4,3,25.17,208,5,0,0,9749,9749,0,True,True
i love ski,5,1,18.9,144,7,0,0,9812,,,True,False
i love ski,5,2,14.53,112,7,0,0,9666,,,True,False
i love ski,5,3,16.49,134,7,0,0,9501,,,True,False
i love ski,5,3,49.91,390,7,0,0,9501,9501,0,True,True
CCCC,1,1,19.97,152,3,0,0,9801,,,True,False
CCCC,1,2,16.0,117,3,1,0,9801,,,False,False
CCCC,1,2,8.17,67,1,2,0,9801,,,False,False
CCCC,1,1,31.05,262,3,0,0,9690,,,True,False
CCCC,1,2,12.25,102,3,0,0,9567,,,True,False
CCCC,1,3,10.68,73,3,1,0,9567,,,False,False
CCCC,1,1,22.91,178,3,0,0,9771,,,True,False
CCCC,1,2,14.2,104,3,0,0,9629,,,True,False
CCCC,1,3,13.96,108,3,0,0,9490,,,True,False
CCCC,1,3,51.07,390,3,0,0,9490,9490,0,True,True
CCCC,2,1,16.64,102,3,0,0,9834,,,True,False
CCCC,2,2,17.89,132,3,0,0,9655,,,True,False
CCCC,2,3,17.31,146,3,0,0,9482,,,True,False
CCCC,2,3,51.84,380,3,0,0,9482,9482,0,True,True
CCCC,3,1,18.08,143,4,0,0,9820,,,True,False
CCCC,3,2,12.14,103,4,0,0,9698,,,True,False
CCCC,3,3,4.11,34,2,1,0,9698,,,False,False
CCCC,3,3,12.44,105,4,1,0,9574,,,True,False
CCCC,3,3,42.67,351,4,1,0,9574,9574,1,True,True
CCCC,4,1,10.48,78,5,0,0,9896,,,True,False
CCCC,4,2,9.39,78,5,0,0,9802,,,True,False
CCCC,4,3,8.95,80,5,0,0,9712,,,True,False
CCCC,4,3,28.82,236,5,0,0,9712,9712,0,True,True
CCCC,5,1,19.22,158,7,0,0,9808,,,True,False
CCCC,5,2,15.63,134,7,0,0,9652,,,True,False
CCCC,5,3,5.0,30,2,1,0,9652,,,False,False
CCCC,5,3,8.65,69,4,2,0,9652,,,False,False
CCCC,5,3,14.76,114,6,3,0,9652,,,False,False
CCCC,5,3,8.48,70,4,4,0,9652,,,False,False
CCCC,5,3,12.56,105,6,5,0,9652,,,False,False
CCCC,5,3,12.68,114,7,5,0,9525,,,True,False
CCCC,5,3,47.53,406,7,5,0,9525,9525,5,True,True
i love my job,1,1,10.87,100,3,0,0,9892,,,True,False
i love my job,1,2,15.61,104,3,0,0,9736,,,True,False
i love my job,1,3,16.26,104,3,0,0,9573,,,True,False
i love my job,1,3,42.74,308,3,0,0,9573,9573,0,True,True
i love my job,2,1,9.29,66,3,0,0,9908,,,True,False
i love my job,2,2,9.4,64,3,0,0,9814,,,True,False
i love my job,2,3,4.78,34,2,1,0,9814,,,False,False
i love my job,2,3,6.55,33,1,2,0,9814,,,False,False
i love my job,2,3,12.14,72,3,2,0,9692,,,True,False
i love my job,2,3,30.84,202,3,2,0,9692,9692,2,True,True
i love my job,3,1,13.23,93,4,0,0,9868,,,True,False
i love my job,3,2,8.09,54,3,1,0,9868,,,False,False
i love my job,3,2,16.4,113,4,1,0,9704,,,True,False
i love my job,3,3,18.48,111,4,1,0,9519,,,True,False
i love my job,3,3,48.11,317,4,1,0,9519,9519,1,True,True
i love my job,4,1,10.39,78,5,0,0,9897,,,True,False
i love my job,4,2,10.46,78,5,0,0,9792,,,True,False
i love my job,4,3,15.26,98,5,0,0,9639,,,True,False
i love my job,4,3,36.12,254,5,0,0,9639,9639,0,True,True
i love my job,5,1,19.34,124,7,0,0,9807,,,True,False
i love my job,5,2,22.38,132,7,0,0,9583,,,True,False
i love my job,5,3,28.83,128,7,0,0,9295,,,True,False
i love my job,5,3,70.55,384,7,0,0,9295,9295,0,True,True
lyan,1,1,14.16,100,3,0,0,9859,,,True,False
lyan,1,2,27.05,118,3,0,0,9588,,,True,False
lyan,1,3,12.41,80,3,1,0,9588,,,False,False
Lyan,1,1,41.62,98,3,0,0,9584,,,True,False
Lyan,1,2,25.66,113,1,1,0,9584,,,False,False
Lyan,1,1,16.5,106,3,0,0,9835,,,True,False
Lyan,1,2,12.39,56,2,1,0,9835,,,False,False
Lyan,1,1,20.17,104,3,0,0,9799,,,True,False
Lyan,1,2,38.08,172,3,0,0,9418,,,True,False
Lyan,1,3,3.71,11,0,1,0,9418,,,False,False
Lyan,1,3,5.31,25,0,2,0,9418,,,False,False
Lyan,1,3,19.69,60,2,3,0,9418,,,False,False
monica,1,1,13.17,100,3,0,0,9869,,,True,False
monica,1,2,15.26,106,3,0,0,9716,,,True,False
monica,1,3,9.35,56,2,1,0,9716,,,False,False
monica,1,3,17.1,108,3,1,0,9545,,,True,False
monica,1,3,45.53,314,3,1,0,9545,9545,1,True,True
monica,2,1,9.92,66,3,0,0,9901,,,True,False
monica,2,2,8.04,62,3,0,0,9821,,,True,False
monica,2,3,7.32,60,3,0,0,9748,,,True,False
monica,2,3,25.28,188,3,0,0,9748,9748,0,True,True
monica,3,1,14.22,93,4,0,0,9858,,,True,False
monica,3,2,18.18,109,4,0,0,9676,,,True,False
monica,3,3,19.75,95,4,0,0,9479,,,True,False
monica,3,3,52.15,297,4,0,0,9479,9479,0,True,True
kkkkkk,1,1,18.81,116,3,0,0,9812,,,True,False
kkkkkk,1,2,12.15,78,1,1,0,9812,,,False,False
kkkkkk,1,1,14.11,102,3,0,0,9859,,,True,False
kkkkkk,1,2,21.63,113,2,1,0,9859,,,False,False
kkkkkk,1,2,13.57,54,1,2,0,9859,,,False,False
kkkkkk,1,2,2.96,0,0,3,0,9859,,,False,False
kkkkkk,1,2,28.76,132,3,3,0,9572,,,True,False
kkkkkk,1,3,26.63,126,2,4,0,9572,,,False,False
kkkkkk,1,3,3.82,8,0,5,0,9572,,,False,False
kkkkkk,1,3,26.66,156,2,6,0,9572,,,False,False
kkkkkk,1,3,17.99,120,2,7,0,9572,,,False,False
kkkkkk,1,3,14.88,104,2,8,0,9572,,,False,False
u,1,1,11.47,100,3,0,0,9886,,,True,False
u,1,2,15.39,108,3,0,0,9732,,,True,False
u,1,3,16.76,104,3,0,0,9564,,,True,False
u,1,3,43.61,312,3,0,0,9564,9564,0,True,True
monica,4,1,8.51,64,5,0,0,9915,,,True,False
monica,4,2,9.89,68,5,0,0,9816,,,True,False
monica,4,3,7.67,41,4,1,0,9816,,,False,False
monica,4,3,17.62,96,5,1,0,9640,,,True,False
monica,4,3,36.02,228,5,1,0,9640,9640,1,True,True
h,1,1,12.74,104,3,0,0,9873,,,True,False
h,1,2,15.91,106,3,0,0,9714,,,True,False
wow,1,1,11.43,100,3,0,0,9886,,,True,False
wow,1,2,15.09,102,3,0,0,9735,,,True,False
wow,1,3,16.12,108,3,0,0,9574,,,True,False
wow,1,3,42.65,310,3,0,0,9574,9574,0,True,True
wow,2,1,7.56,60,3,0,0,9925,,,True,False
wow,2,2,8.64,62,3,0,0,9839,,,True,False
wow,2,1,7.35,62,3,0,0,9927,,,True,False
wow,2,2,12.53,88,3,0,0,9802,,,True,False
wow,2,3,9.21,38,1,1,0,9802,,,False,False
wow,2,1,7.39,60,3,0,0,9927,,,True,False
wow,2,2,11.7,78,3,0,0,9810,,,True,False
wow,2,3,15.16,82,3,0,0,9658,,,True,False
wow,2,3,34.26,220,3,0,0,9658,9658,0,True,True
J,1,1,21.03,106,3,0,0,9790,,,True,False
J,1,2,31.28,121,3,1,0,9790,,,False,False
J,1,1,15.73,100,3,0,0,9843,,,True,False
J,1,2,24.12,58,2,1,0,9843,,,False,False
J,1,2,16.94,104,3,1,0,9674,,,True,False
J,1,3,16.38,106,3,1,0,9510,,,True,False
J,1,3,49.05,310,3,1,0,9510,9510,1,True,True
J,2,1,25.95,144,3,0,0,9741,,,True,False
J,2,2,8.03,52,2,1,0,9741,,,False,False
J,2,1,17.29,116,3,0,0,9828,,,True,False
J,2,2,12.4,70,3,0,0,9704,,,True,False
J,2,3,7.21,60,3,0,0,9632,,,True,False
J,2,3,36.9,246,3,0,0,9632,9632,0,True,True
J,3,1,21.49,87,4,0,0,9786,,,True,False
J,3,2,11.76,58,3,1,0,9786,,,False,False
J,3,2,7.06,37,3,2,0,9786,,,False,False
J,3,2,15.91,80,3,3,0,9786,,,False,False
J,3,2,6.4,34,2,4,0,9786,,,False,False
สมนึก,1,1,11.8,102,3,0,0,9883,,,True,False
สมนึก,1,2,10.83,72,3,1,0,9883,,,False,False
สมนึก,1,2,14.97,104,3,1,0,9733,,,True,False
สมนึก,1,3,15.94,112,3,1,0,9573,,,True,False
สมนึก,1,3,42.7,318,3,1,0,9573,9573,1,True,True
สมนึก,2,1,6.75,60,3,0,0,9933,,,True,False
สมนึก,2,2,6.4,60,3,0,0,9869,,,True,False
สมนึก,2,3,6.14,58,3,0,0,9808,,,True,False
สมนึก,2,3,19.29,178,3,0,0,9808,9808,0,True,True
สมนึก,3,1,11.35,97,4,0,0,9887,,,True,False
สมนึก,3,2,9.6,83,4,0,0,9791,,,True,False
สมนึก,3,3,9.17,85,4,0,0,9699,,,True,False
สมนึก,3,3,30.12,265,4,0,0,9699,9699,0,True,True
สมนึก,4,1,7.91,68,5,0,0,9921,,,True,False
สมนึก,4,2,6.76,60,5,0,0,9854,,,True,False
สมนึก,4,3,7.23,64,5,0,0,9782,,,True,False
สมนึก,4,3,21.9,192,5,0,0,9782,9782,0,True,True
สมนึก,5,1,12.57,116,7,0,0,9875,,,True,False
สมนึก,5,2,12.09,112,7,0,0,9754,,,True,False
สมนึก,5,3,16.92,130,7,0,0,9585,,,True,False
สมนึก,5,3,41.58,358,7,0,0,9585,9585,0,True,True
y r u,1,1,12.11,100,3,0,0,9879,,,True,False
y r u,1,2,15.15,102,3,0,0,9728,,,True,False
y r u,1,3,15.48,110,3,0,0,9573,,,True,False
y r u,1,3,42.74,312,3,0,0,9573,9573,0,True,True
y r u,2,1,11.46,70,3,0,0,9886,,,True,False
y r u,2,2,7.97,70,3,0,0,9806,,,True,False
y r u,2,3,7.09,60,3,0,0,9735,,,True,False
y r u,2,3,26.52,200,3,0,0,9735,9735,0,True,True
y r u,3,1,13.05,87,4,0,0,9870,,,True,False
y r u,3,2,6.56,44,3,1,0,9870,,,False,False
y r u,3,2,17.01,113,4,1,0,9700,,,True,False
y r u,3,3,6.0,48,3,2,0,9700,,,False,False
y r u,3,1,13.37,95,4,0,0,9867,,,True,False
y r u,3,2,17.2,111,4,0,0,9695,,,True,False
y r u,3,3,9.95,47,2,1,0,9695,,,False,False
y r u,3,3,19.08,95,4,1,0,9504,,,True,False
y r u,3,3,49.65,301,4,1,0,9504,9504,1,True,True
y r u,4,1,11.37,70,5,0,0,9887,,,True,False
y r u,4,2,9.75,60,5,0,0,9789,,,True,False
y r u,4,3,9.01,64,5,0,0,9699,,,True,False
y r u,4,3,30.13,194,5,0,0,9699,9699,0,True,True
y r u,5,1,18.52,116,7,0,0,9815,,,True,False
y r u,5,2,20.69,122,7,0,0,9608,,,True,False
y r u,5,3,23.93,130,7,0,0,9369,,,True,False
y r u,5,3,63.14,368,7,0,0,9369,9369,0,True,True
hi,1,1,12.67,100,3,0,0,9874,,,True,False
hi,1,2,34.76,170,3,0,0,9526,,,True,False
hi,1,3,19.05,96,3,1,0,9526,,,False,False
hi,1,1,11.19,100,3,0,0,9889,,,True,False
hi,1,2,15.53,104,3,0,0,9733,,,True,False
hi,1,3,10.76,70,3,1,0,9733,,,False,False
hi,1,3,16.14,110,3,1,0,9572,,,True,False
hi,1,3,42.86,314,3,1,0,9572,9572,1,True,True
hi,2,1,8.09,60,3,0,0,9920,,,True,False
hi,2,2,11.32,74,3,0,0,9806,,,True,False
hi,2,3,13.35,64,3,0,0,9673,,,True,False
hi,2,3,32.76,198,3,0,0,9673,9673,0,True,True
i love my job,2,1,7.95,60,3,0,0,9921,,,True,False
i love my job,2,2,8.34,62,3,0,0,9838,,,True,False
i love my job,2,3,8.45,62,3,0,0,9753,,,True,False
i love my job,2,3,24.75,184,3,0,0,9753,9753,0,True,True
i love my job,3,1,12.45,87,4,0,0,9876,,,True,False
i love my job,3,2,17.49,107,4,0,0,9701,,,True,False
i love my job,3,3,16.84,98,2,1,0,9701,,,False,False
monica,1,3,13.06,129,0,0,2,9870,,,False,False
winner,1,1,7.62,85,1,0,2,9924,,,False,False
hi,1,1,6.69,77,1,0,2,9934,,,False,False
fah,1,2,11.75,63,1,1,0,9883,,,False,False
fah,1,1,13.05,75,1,0,0,9870,,,False,False
CCCC,1,3,8.19,69,0,2,1,9919,,,False,False
สมชาย,1,1,8.64,49,0,0,0,9914,,,False,False
CCCC,1,1,10.90,71,0,0,2,9892,,,False,False
wow,1,3,6.47,43,0,0,1,9936,,,False,False
fah,1,3,9.34,44,0,0,2,9907,,,False,False
wow,1,3,9.06,60,1,0,0,9910,,,False,False
J,1,1,7.37,51,0,0,2,9927,,,False,False
J,1,1,17.52,111,2,0,0,9825,,,True,False
J,1,2,11.98,58,2,2,0,9881,,,True,False
J,1,3,18.86,140,2,3,0,9812,9812,5,True,True
alexa,1,1,19.82,113,2,0,0,9802,,,True,False
alexa,1,2,18.56,132,2,1,0,9815,,,True,False
alexa,1,3,22.59,114,2,1,0,9775,9775,2,True,True
ske23,1,1,12.76,69,2,0,0,9873,,,True,False
ske23,1,2,18.56,127,2,4,0,9815,,,True,False
ske23,1,3,17.96,145,2,0,0,9821,9821,4,True,True
fah,1,1,12.27,95,2,0,0,9878,,,True,False
fah,1,2,17.73,139,2,1,0,9823,,,True,False
fah,1,3,18.81,127,2,0,0,9812,9812,1,True,True
ske23,1,1,15.84,100,2,0,0,9842,,,True,False
ske23,1,2,15.67,96,2,1,0,9844,,,True,False
ske23,1,3,16.48,97,2,2,0,9836,9836,3,True,True
alexa,1,1,14.26,119,2,0,0,9858,,,True,False
alexa,1,2,15.27,124,2,0,0,9848,,,True,False
alexa,1,3,21.60,107,2,0,0,9785,9785,0,True,True
nw,1,1,15.10,107,2,0,0,9849,,,True,False
nw,1,2,17.95,78,2,1,0,9821,,,True,False
nw,1,3,20.89,106,2,2,0,9792,9792,3,True,True
lyan,1,1,19.37,115,2,0,0,9807,,,True,False
lyan,1,2,17.15,107,2,1,0,9829,,,True,False
lyan,1,3,20.01,126,2,0,0,9800,9800,1,True,True
fah,1,1,13.15,132,2,0,0,9869,,,True,False
fah,1,2,20.58,115,2,3,0,9795,,,True,False
fah,1,3,19.52,105,2,0,0,9805,9805,3,True,True
h,1,1,15.69,71,2,0,0,9844,,,True,False
h,1,2,13.91,105,2,1,0,9861,,,True,False
h,1,3,19.53,155,2,0,0,9805,9805,1,True,True
kkkkkk,1,1,22.55,113,2,0,0,9775,,,True,False
kkkkkk,1,2,14.18,110,2,1,0,9859,,,True,False
kkkkkk,1,3,24.83,132,2,1,0,9752,9752,2,True,True
monica,1,1,15.83,119,2,0,0,9842,,,True,False
monica,1,2,14.46,75,2,0,0,9856,,,True,False
monica,1,3,19.25,98,2,0,0,9808,9808,0,True,True
hi,1,1,18.80,116,2,0,0,9812,,,True,False
hi,1,2,18.75,93,2,0,0,9813,,,True,False
hi,1,3,18.83,127,2,0,0,9812,9812,0,True,True
h,1,1,12.85,87,2,0,0,9872,,,True,False
h,1,2,15.08,103,2,4,0,9850,,,True,False
h,1,3,19.83,106,2,3,0,9802,9802,7,True,True
hi,1,1,14.94,62,2,0,0,9851,,,True,False
hi,1,2,19.37,129,2,1,0,9807,,,True,False
hi,1,3,15.40,127,2,4,0,9847,9847,5,True,True
name,1,1,12.01,87,2,0,0,9880,,,True,False
name,1,2,18.92,109,2,0,0,9811,,,True,False
name,1,3,21.35,80,2,1,0,9787,9787,1,True,True
u,1,1,14.53,133,2,0,0,9855,,,True,False
u,1,2,17.55,138,2,0,0,9825,,,True,False
u,1,3,17.23,152,2,0,0,9828,9828,0,True,True
new,1,1,15.88,108,2,0,0,9842,,,True,False
new,1,2,15.28,132,2,0,0,9848,,,True,False
new,1,3,16.25,142,2,2,0,9838,9838,2,True,True
J,1,1,18.70,60,2,0,0,9814,,,True,False
J,1,2,18.46,87,2,1,0,9816,,,True,False
J,1,3,22.44,129,2,0,0,9776,9776,1,True,True
name,2,1,13.66,84,0,0,1,9864,,,False,False
name,2,2,9.15,68,1,1,2,9909,,,False,False
hi,2,2,12.71,68,1,1,1,9873,,,False,False
alexa,2,2,16.83,84,2,1,0,9832,,,False,False
สมชาย,2,3,11.41,84,0,0,0,9886,,,False,False
u,2,2,8.31,93,1,0,1,9917,,,False,False
สมชาย,2,1,10.77,55,1,0,1,9893,,,False,False
name,2,3,10.80,77,2,0,2,9893,,,False,False
สมชาย,2,1,19.09,133,3,0,0,9810,,,True,False
สมชาย,2,2,18.33,117,3,1,0,9817,,,True,False
สมชาย,2,3,25.75,130,3,4,0,9743,9743,5,True,True
สมชาย,2,1,18.26,143,3,0,0,9818,,,True,False
สมชาย,2,2,22.73,149,3,3,0,9773,,,True,False
สมชาย,2,3,28.22,151,3,0,0,9718,9718,3,True,True
ske23,2,1,17.02,132,3,0,0,9830,,,True,False
ske23,2,2,23.85,106,3,0,0,9762,,,True,False
ske23,2,3,31.37,134,3,2,0,9687,9687,2,True,True
u,2,1,17.00,142,3,0,0,9830,,,True,False
u,2,2,19.19,119,3,2,0,9809,,,True,False
u,2,3,24.03,121,3,1,0,9760,9760,3,True,True
ske23,2,1,18.31,127,3,0,0,9817,,,True,False
ske23,2,2,23.81,111,3,0,0,9762,,,True,False
ske23,2,3,20.36,125,3,0,0,9797,9797,0,True,True
ske23,2,1,23.55,116,3,0,0,9765,,,True,False
ske23,2,2,24.02,139,3,4,0,9760,,,True,False
ske23,2,3,25.50,175,3,0,0,9746,9746,4,True,True
kkkkkk,2,1,25.67,171,3,0,0,9744,,,True,False
kkkkkk,2,2,21.77,88,3,1,0,9783,,,True,False
kkkkkk,2,3,25.31,161,3,0,0,9747,9747,1,True,True
สมชาย,2,1,17.00,115,3,0,0,9830,,,True,False
สมชาย,2,2,18.64,171,3,2,0,9814,,,True,False
สมชาย,2,3,28.60,131,3,1,0,9715,9715,3,True,True
CCCC,3,3,16.38,81,2,2,2,9837,,,False,False
winner,3,2,13.46,90,1,0,2,9866,,,False,False
hi,3,1,19.74,99,2,0,1,9803,,,False,False
lyan,3,2,20.45,83,1,1,0,9796,,,False,False
kkkkkk,3,1,20.55,74,2,0,0,9795,,,False,False
J,3,3,19.47,103,2,0,2,9806,,,False,False
winner,3,1,14.69,88,0,0,1,9854,,,False,False
CCCC,3,3,11.90,55,2,0,0,9882,,,False,False
h,3,1,26.34,78,4,0,0,9737,,,True,False
h,3,2,22.25,153,4,0,0,9778,,,True,False
h,3,3,31.91,166,4,0,0,9681,9681,0,True,True
new,3,1,15.88,142,4,0,0,9842,,,True,False
new,3,2,26.79,159,4,0,0,9733,,,True,False
new,3,3,32.82,186,4,2,0,9672,9672,2,True,True
h,3,1,33.56,160,4,0,0,9665,,,True,False
h,3,2,32.45,147,4,1,0,9676,,,True,False
h,3,3,32.33,198,4,0,0,9677,9677,1,True,True
winner,3,1,21.75,164,4,0,0,9783,,,True,False
winner,3,2,26.37,146,4,0,0,9737,,,True,False
winner,3,3,32.47,104,4,0,0,9676,9676,0,True,True
winner,3,1,19.72,154,4,0,0,9803,,,True,False
winner,3,2,26.33,141,4,2,0,9737,,,True,False
winner,3,3,26.73,153,4,1,0,9733,9733,3,True,True
name,3,1,26.68,103,4,0,0,9734,,,True,False
name,3,2,30.22,136,4,1,0,9698,,,True,False
name,3,3,29.02,164,4,3,0,9710,9710,4,True,True
alexa,3,1,27.47,132,4,0,0,9726,,,True,False
alexa,3,2,32.38,173,4,2,0,9677,,,True,False
alexa,3,3,35.78,183,4,2,0,9643,9643,4,True,True
สมชาย,3,1,23.44,107,4,0,0,9766,,,True,False
สมชาย,3,2,32.31,186,4,2,0,9677,,,True,False
สมชาย,3,3,26.94,179,4,1,0,9731,9731,3,True,True
ske23,3,1,21.90,132,4,0,0,9781,,,True,False
ske23,3,2,23.51,158,4,0,0,9765,,,True,False
ske23,3,3,27.89,152,4,1,0,9722,9722,1,True,True
fah,3,1,27.76,142,4,0,0,9723,,,True,False
fah,3,2,28.50,140,4,0,0,9716,,,True,False
fah,3,3,33.77,158,4,1,0,9663,9663,1,True,True
J,3,1,24.70,160,4,0,0,9753,,,True,False
J,3,2,26.16,153,4,2,0,9739,,,True,False
J,3,3,30.04,146,4,0,0,9700,9700,2,True,True
lyan,3,1,26.94,114,4,0,0,9731,,,True,False
lyan,3,2,27.56,165,4,1,0,9725,,,True,False
lyan,3,3,28.95,132,4,2,0,9711,9711,3,True,True
สมนึก,3,1,32.27,161,4,0,0,9678,,,True,False
สมนึก,3,2,21.34,148,4,1,0,9787,,,True,False
สมนึก,3,3,28.40,132,4,1,0,9717,9717,2,True,True
สมนึก,4,1,21.80,54,4,0,2,9783,,,False,False
kkkkkk,4,3,16.67,60,2,0,0,9834,,,False,False
name,4,3,32.67,72,2,1,0,9674,,,False,False
h,4,3,28.45,60,4,2,2,9716,,,False,False
ske23,4,1,16.21,67,4,0,0,9838,,,False,False
J,4,2,26.72,91,1,2,0,9733,,,False,False
hi,4,1,21.06,94,1,0,2,9790,,,False,False
winner,4,2,20.95,87,1,0,2,9791,,,False,False
lyan,4,1,19.97,111,4,0,0,9801,,,False,False
hi,4,2,24.97,76,4,2,1,9751,,,False,False
kkkkkk,4,2,10.60,87,1,1,0,9894,,,False,False
J,4,2,9.10,118,2,1,1,9910,,,False,False
monica,4,1,14.43,76,4,0,0,9856,,,False,False
fah,4,1,16.07,120,4,0,2,9840,,,False,False
monica,4,2,19.69,103,3,2,0,9804,,,False,False
ske23,4,2,20.53,102,1,0,1,9795,,,False,False
wow,4,2,24.71,92,4,3,0,9753,,,False,False
ske23,4,3,24.68,70,3,2,0,9754,,,False,False
J,4,2,11.59,86,3,0,1,9885,,,False,False
ske23,4,2,12.92,91,2,2,1,9871,,,False,False
fah,4,1,25.84,152,5,0,0,9742,,,True,False
fah,4,2,33.87,158,5,1,0,9662,,,True,False
fah,4,3,31.56,157,5,0,0,9685,9685,1,True,True
CCCC,4,1,22.26,153,5,0,0,9778,,,True,False
CCCC,4,2,26.41,174,5,0,0,9736,,,True,False
CCCC,4,3,39.88,175,5,1,0,9602,9602,1,True,True
nw,4,1,33.18,168,5,0,0,9669,,,True,False
nw,4,2,32.40,202,5,2,0,9676,,,True,False
nw,4,3,38.99,161,5,0,0,9611,9611,2,True,True
new,4,1,34.86,121,5,0,0,9652,,,True,False
new,4,2,30.93,160,5,3,0,9691,,,True,False
new,4,3,39.13,115,5,0,0,9609,9609,3,True,True
สมชาย,4,1,25.16,160,5,0,0,9749,,,True,False
สมชาย,4,2,32.24,190,5,0,0,9678,,,True,False
สมชาย,4,3,28.96,174,5,1,0,9711,9711,1,True,True
h,4,1,22.93,140,5,0,0,9771,,,True,False
h,4,2,38.50,152,5,3,0,9615,,,True,False
h,4,3,39.52,188,5,0,0,9605,9605,3,True,True
สมชาย,4,1,24.09,110,5,0,0,9760,,,True,False
สมชาย,4,2,23.14,163,5,0,0,9769,,,True,False
สมชาย,4,3,29.86,169,5,0,0,9702,9702,0,True,True
kkkkkk,4,1,31.36,150,5,0,0,9687,,,True,False
kkkkkk,4,2,25.12,122,5,1,0,9749,,,True,False
kkkkkk,4,3,35.72,166,5,0,0,9643,9643,1,True,True
ske23,4,1,33.21,165,5,0,0,9668,,,True,False
ske23,4,2,34.25,191,5,0,0,9658,,,True,False
ske23,4,3,33.65,174,5,0,0,9664,9664,0,True,True
lyan,4,1,21.64,187,5,0,0,9784,,,True,False
lyan,4,2,41.60,155,5,2,0,9584,,,True,False
lyan,4,3,41.38,194,5,1,0,9587,9587,3,True,True
fah,4,1,30.77,150,5,0,0,9693,,,True,False
fah,4,2,31.64,178,5,0,0,9684,,,True,False
fah,4,3,27.78,179,5,0,0,9723,9723,0,True,True
winner,4,1,31.25,161,5,0,0,9688,,,True,False
winner,4,2,35.05,151,5,3,0,9650,,,True,False
winner,4,3,34.42,155,5,1,0,9656,9656,4,True,True
u,4,1,34.92,183,5,0,0,9651,,,True,False
u,4,2,15.23,177,5,0,0,9848,,,True,False
u,4,3,31.57,185,5,3,0,9685,9685,3,True,True
J,5,2,22.70,67,3,0,1,9773,,,False,False
new,5,2,20.16,122,3,0,0,9799,,,False,False
u,5,2,25.22,103,2,0,0,9748,,,False,False
alexa,5,1,24.37,130,3,0,0,9757,,,False,False
name,5,2,28.60,105,0,3,0,9714,,,False,False
new,5,2,26.96,90,1,3,1,9731,,,False,False
CCCC,5,2,22.49,91,2,0,2,9776,,,False,False
สมชาย,5,1,17.25,54,4,0,1,9828,,,False,False
name,5,1,32.35,99,2,0,0,9677,,,False,False
name,5,2,24.27,82,1,1,1,9758,,,False,False
CCCC,5,3,18.70,81,5,1,0,9813,,,False,False
สมนึก,5,3,29.02,95,4,1,2,9710,,,False,False
hi,5,2,24.12,107,2,0,1,9759,,,False,False
ske23,5,2,31.29,100,5,0,0,9688,,,False,False
ske23,5,1,30.91,61,4,0,0,9691,,,False,False
lyan,5,2,28.99,83,0,0,1,9711,,,False,False
CCCC,5,1,22.02,105,5,0,1,9780,,,False,False
kkkkkk,5,2,12.58,100,1,2,0,9875,,,False,False
fah,5,1,38.00,160,6,0,0,9620,,,True,False
fah,5,2,43.62,197,6,0,0,9564,,,True,False
fah,5,3,41.12,216,6,1,0,9589,9589,1,True,True
u,5,1,31.09,165,6,0,0,9690,,,True,False
u,5,2,30.42,193,6,1,0,9696,,,True,False
u,5,3,42.97,206,6,0,0,9571,9571,1,True,True
J,5,1,30.32,216,6,0,0,9697,,,True,False
J,5,2,39.61,161,6,0,0,9604,,,True,False
J,5,3,52.33,164,6,0,0,9477,9477,0,True,True
h,5,1,32.43,188,6,0,0,9676,,,True,False
h,5,2,33.02,170,6,0,0,9670,,,True,False
h,5,3,27.80,123,6,4,0,9722,9722,4,True,True
monica,5,1,30.82,198,6,0,0,9692,,,True,False
monica,5,2,33.05,188,6,3,0,9670,,,True,False
monica,5,3,42.55,190,6,0,0,9575,9575,3,True,True
lyan,5,1,31.27,197,6,0,0,9688,,,True,False
lyan,5,2,29.71,158,6,2,0,9703,,,True,False
lyan,5,3,42.47,211,6,0,0,9576,9576,2,True,True
J,5,1,32.66,191,6,0,0,9674,,,True,False
J,5,2,33.56,178,6,0,0,9665,,,True,False
J,5,3,42.10,188,6,1,0,9580,9580,1,True,True
monica,5,1,23.77,188,6,0,0,9763,,,True,False
monica,5,2,36.10,159,6,0,0,9640,,,True,False
monica,5,3,36.14,161,6,0,0,9639,9639,0,True,True
h,2,1,14.71,108,1,0,2,9853,,,False,False
kkkkkk,2,3,15.97,96,2,1,1,9841,,,False,False
e,2,2,12.95,99,1,0,1,9871,,,False,False
e,2,2,18.53,78,1,1,1,9815,,,False,False
สมนึก,2,2,13.27,60,1,0,0,9868,,,False,False
monica,2,2,16.21,82,1,0,1,9838,,,False,False
alexa,2,1,11.58,48,1,0,0,9885,,,False,False
new,2,3,10.76,91,0,1,0,9893,,,False,False
nw,2,1,14.10,68,1,0,1,9860,,,False,False
lyan,2,1,15.79,97,1,0,2,9843,,,False,False
name,4,3,16.11,78,3,2,0,9839,,,False,False
alexa,4,2,14.37,113,1,0,0,9857,,,False,False
kkkkkk,4,2,19.20,49,1,2,1,9808,,,False,False
name,4,1,27.07,104,2,0,1,9730,,,False,False
J,4,2,16.92,89,3,2,1,9831,,,False,False
alexa,4,3,15.57,135,1,0,2,9845,,,False,False
สมนึก,4,2,19.35,117,2,2,1,9807,,,False,False
wow,4,3,17.15,114,4,0,2,9829,,,False,False
e,4,1,20.78,47,0,0,0,9793,,,False,False
name,4,1,20.11,116,4,0,0,9799,,,False,False
ske23,4,3,23.26,116,0,0,2,9768,,,False,False
wow,4,3,20.74,87,3,2,0,9793,,,False,False
monica,4,3,21.97,94,1,0,2,9781,,,False,False
CCCC,4,2,19.85,97,3,2,1,9802,,,False,False
alexa,4,3,21.49,86,2,0,2,9786,,,False,False
สมนึก,4,1,24.27,102,2,0,1,9758,,,False,False
name,4,3,19.60,129,1,1,1,9805,,,False,False
new,4,1,18.20,87,3,0,2,9819,,,False,False
u,4,2,18.54,78,0,0,0,9815,,,False,False
สมนึก,4,1,20.66,75,4,0,0,9794,,,False,False
name,4,2,17.83,100,1,1,0,9822,,,False,False
สมชาย,4,1,25.79,87,0,0,0,9743,,,False,False
hi,4,1,21.56,84,1,0,2,9785,,,False,False
nw,4,2,22.27,70,0,2,2,9778,,,False,False
name,4,1,24.40,129,3,0,2,9757,,,False,False
สมชาย,5,1,20.96,111,3,0,0,9791,,,False,False
h,5,2,35.70,89,3,1,0,9643,,,False,False
lyan,5,3,27.39,111,1,0,0,9727,,,False,False
hi,5,1,35.06,79,1,0,0,9650,,,False,False
new,5,3,31.10,93,4,0,2,9689,,,False,False
monica,5,3,22.77,105,3,1,1,9773,,,False,False
alexa,5,2,30.06,37,4,1,1,9700,,,False,False
winner,5,2,20.09,95,5,1,0,9800,,,False,False
wow,5,1,20.84,137,2,0,0,9792,,,False,False
สมชาย,5,3,26.38,87,1,1,1,9737,,,False,False
wow,5,3,30.31,92,0,0,1,9697,,,False,False
สมนึก,5,1,23.71,72,5,0,2,9763,,,False,False
h,5,1,21.58,84,2,0,0,9785,,,False,False
winner,5,3,26.27,97,0,1,1,9738,,,False,False
e,5,1,30.45,87,4,0,2,9696,,,False,False
lyan,5,3,15.56,141,4,1,2,9845,,,False,False
name,5,2,22.68,86,0,3,1,9774,,,False,False
wow,5,2,23.90,80,2,0,0,9762,,,False,False
winner,5,2,26.87,82,2,2,1,9732,,,False,False
h,5,1,33.23,140,3,0,2,9668,,,False,False
h,5,3,26.45,110,1,1,1,9736,,,False,False
CCCC,5,1,21.36,88,1,0,1,9787,,,False,False
kkkkkk,5,3,21.80,79,4,0,2,9782,,,False,False
ske23,5,1,20.20,95,4,0,1,9799,,,False,False
name,5,3,16.51,139,5,0,0,9835,,,False,False
u,1,1,19.20,73,2,0,0,9809,,,True,False
u,1,2,18.40,90,2,2,0,9817,,,True,False
u,1,3,21.78,158,2,0,0,9783,9783,2,True,True
winner,1,1,17.57,116,2,0,0,9825,,,True,False
winner,1,2,21.96,135,2,1,0,9781,,,True,False
winner,1,3,27.38,138,2,3,0,9727,9727,4,True,True
winner,1,1,12.01,76,2,0,0,9880,,,True,False
winner,1,2,18.49,116,2,2,0,9816,,,True,False
winner,1,3,16.18,99,2,0,0,9839,9839,2,True,True
h,1,1,17.45,83,2,0,0,9826,,,True,False
h,1,2,15.80,94,2,1,0,9843,,,True,False
h,1,3,17.88,126,2,4,0,9822,9822,5,True,True
monica,1,1,15.04,87,2,0,0,9850,,,True,False
monica,1,2,18.10,132,2,0,0,9819,,,True,False
monica,1,3,20.26,99,2,2,0,9798,9798,2,True,True
hi,1,1,16.12,107,2,0,0,9839,,,True,False
hi,1,2,17.08,100,2,3,0,9830,,,True,False
hi,1,3,22.46,128,2,1,0,9776,9776,4,True,True
wow,1,1,19.07,119,2,0,0,9810,,,True,False
wow,1,2,18.20,96,2,0,0,9818,,,True,False
wow,1,3,16.53,171,2,2,0,9835,9835,2,True,True
new,1,1,18.47,131,2,0,0,9816,,,True,False
new,1,2,20.83,115,2,0,0,9792,,,True,False
new,1,3,19.26,109,2,1,0,9808,9808,1,True,True
nw,1,1,13.34,116,2,0,0,9867,,,True,False
nw,1,2,11.35,154,2,0,0,9887,,,True,False
nw,1,3,24.80,77,2,1,0,9752,9752,1,True,True
alexa,1,1,16.32,127,2,0,0,9837,,,True,False
alexa,1,2,20.18,89,2,0,0,9799,,,True,False
alexa,1,3,21.85,120,2,0,0,9782,9782,0,True,True
สมนึก,5,1,35.78,158,6,0,0,9643,,,True,False
สมนึก,5,2,41.10,192,6,1,0,9589,,,True,False
สมนึก,5,3,47.62,196,6,1,0,9524,9524,2,True,True
nw,5,1,39.40,171,6,0,0,9607,,,True,False
nw,5,2,27.41,166,6,0,0,9726,,,True,False
nw,5,3,49.24,233,6,2,0,9508,9508,2,True,True
CCCC,5,1,32.54,165,6,0,0,9675,,,True,False
CCCC,5,2,32.63,165,6,1,0,9674,,,True,False
CCCC,5,3,37.19,210,6,0,0,9629,9629,1,True,True
fah,5,1,34.33,181,6,0,0,9657,,,True,False
fah,5,2,41.71,182,6,1,0,9583,,,True,False
fah,5,3,41.71,234,6,1,0,9583,9583,2,True,True
สมชาย,5,1,20.05,171,6,0,0,9800,,,True,False
สมชาย,5,2,40.55,184,6,0,0,9595,,,True,False
สมชาย,5,3,37.69,168,6,0,0,9624,9624,0,True,True
u,5,3,31.51,65,4,1,0,9685,,,False,False
winner,5,3,16.82,105,3,0,1,9832,,,False,False
nw,5,1,28.38,64,0,0,2,9717,,,False,False
hi,5,3,20.29,71,0,0,2,9798,,,False,False
monica,5,1,26.64,117,0,0,1,9734,,,False,False
สมนึก,5,2,28.98,74,3,1,0,9711,,,False,False
monica,5,2,21.32,185,0,3,2,9787,,,False,False
nw,2,1,9.70,55,2,0,0,9904,,,False,False
lyan,2,3,15.78,77,0,0,2,9843,,,False,False
winner,2,3,9.41,28,2,2,2,9906,,,False,False
alexa,2,2,12.03,82,0,1,2,9880,,,False,False
fah,2,2,10.65,59,1,0,2,9894,,,False,False
e,2,1,15.70,43,0,0,1,9843,,,False,False
fah,2,1,16.39,57,1,0,2,9837,,,False,False
สมชาย,2,2,8.04,85,0,0,1,9920,,,False,False
hi,1,1,13.69,98,2,0,0,9864,,,True,False
hi,1,2,15.03,100,2,0,0,9850,,,True,False
hi,1,3,18.44,100,2,0,0,9816,9816,0,True,True
u,1,1,13.89,126,2,0,0,9862,,,True,False
u,1,2,12.73,145,2,2,0,9873,,,True,False
u,1,3,17.26,122,2,0,0,9828,9828,2,True,True
ske23,1,1,17.27,132,2,0,0,9828,,,True,False
ske23,1,2,16.41,131,2,0,0,9836,,,True,False
ske23,1,3,20.25,129,2,0,0,9798,9798,0,True,True
ske23,1,1,14.96,99,2,0,0,9851,,,True,False
ske23,1,2,18.29,126,2,0,0,9818,,,True,False
ske23,1,3,19.29,120,2,0,0,9808,9808,0,True,True
e,1,1,17.11,121,2,0,0,9829,,,True,False
e,1,2,15.66,76,2,0,0,9844,,,True,False
e,1,3,23.89,137,2,2,0,9762,9762,2,True,True
new,1,1,17.23,80,2,0,0,9828,,,True,False
new,1,2,18.30,114,2,0,0,9817,,,True,False
new,1,3,18.35,108,2,0,0,9817,9817,0,True,True
wow,1,1,15.14,94,2,0,0,9849,,,True,False
wow,1,2,19.38,122,2,1,0,9807,,,True,False
wow,1,3,23.32,122,2,0,0,9767,9767,1,True,True
monica,1,1,16.58,124,2,0,0,9835,,,True,False
monica,1,2,20.31,130,2,0,0,9797,,,True,False
monica,1,3,17.53,153,2,2,0,9825,9825,2,True,True
test,1,1,13.95,100,3,0,0,9861,,,True,False
test,1,2,17.22,108,3,0,0,9689,,,True,False
test,1,3,17.55,104,3,0,0,9513,,,True,False
test,1,3,48.72,312,3,0,0,9513,9513,0,True,True
test,2,1,7.89,60,3,0,0,9922,,,True,False
test,2,2,9.31,60,3,0,0,9829,,,True,False
test,2,3,16.13,74,3,1,0,9829,,,False,False
test,1,1,140.18,120,3,0,0,8599,,,True,False
test,1,2,7.53,20,1,1,0,8599,,,False,False
test,1,2,2.97,0,0,2,0,8599,,,False,False
test,1,2,8.91,32,1,3,0,8599,,,False,False
test,1,2,17.81,104,3,3,0,8421,,,True,False
test,1,3,6.85,34,1,4,0,8421,,,False,False
test,1,1,11.48,100,3,0,0,9886,,,True,False
test,1,2,2.98,0,0,1,0,9886,,,False,False
test,1,2,15.52,108,3,1,0,9730,,,True,False
test,1,3,10.87,69,3,2,0,9730,,,False,False
test,1,3,16.98,102,3,2,0,9561,,,True,False
test,1,3,43.99,310,3,2,0,9561,9561,2,True,True
demo,1,1,14.86,104,3,0,0,9852,,,True,False
demo,1,2,3.0,0,0,1,0,9852,,,False,False
demo,1,2,17.75,102,3,1,0,9674,,,True,False
demo,1,3,16.67,110,3,1,0,9508,,,True,False
demo,1,3,49.27,316,3,1,0,9508,9508,1,True,True
